<?xml version="1.0" encoding="UTF-8"?>
<configurationDescriptor version="62">
  <projectmakefile>Makefile</projectmakefile>
  <defaultConf>0</defaultConf>
  <confs>
    <conf name="ADK_PIC24F_Accesory_Development_Starter_Kit_for_Android" type="2">
      <platformToolSN>:=MPLABCommUSB:=04D8:=900A:=0002:=Microchip Technology Inc.:=PICkit 3:=BUR103530123:=x:=en</platformToolSN>
      <languageToolchainDir>C:\Program Files (x86)\Microchip\xc16\v1.11\bin</languageToolchainDir>
      <mdbdebugger version="1">
        <placeholder1>place holder 1</placeholder1>
        <placeholder2>place holder 2</placeholder2>
      </mdbdebugger>
      <runprofile version="6">
        <args></args>
        <rundir></rundir>
        <buildfirst>true</buildfirst>
        <console-type>0</console-type>
        <terminal-type>0</terminal-type>
        <remove-instrumentation>0</remove-instrumentation>
        <environment>
        </environment>
      </runprofile>
    </conf>
    <conf name="PIC24FJ256GB110_PIM" type="2">
      <platformToolSN>:=MPLABCommUSB:=04D8:=900A:=0002:=Microchip Technology Inc.:=PICkit 3:=BUR103530123:=x:=en</platformToolSN>
      <languageToolchainDir>C:\Program Files (x86)\Microchip\xc16\v1.11\bin</languageToolchainDir>
      <mdbdebugger version="1">
        <placeholder1>place holder 1</placeholder1>
        <placeholder2>place holder 2</placeholder2>
      </mdbdebugger>
      <runprofile version="6">
        <args></args>
        <rundir></rundir>
        <buildfirst>true</buildfirst>
        <console-type>0</console-type>
        <terminal-type>0</terminal-type>
        <remove-instrumentation>0</remove-instrumentation>
        <environment>
        </environment>
      </runprofile>
    </conf>
    <conf name="PIC24FJ64GB004_PIM" type="2">
      <platformToolSN></platformToolSN>
      <languageToolchainDir>C:\Program Files (x86)\Microchip\xc16\v1.11\bin</languageToolchainDir>
      <mdbdebugger version="1">
        <placeholder1>place holder 1</placeholder1>
        <placeholder2>place holder 2</placeholder2>
      </mdbdebugger>
      <runprofile version="6">
        <args></args>
        <rundir></rundir>
        <buildfirst>true</buildfirst>
        <console-type>0</console-type>
        <terminal-type>0</terminal-type>
        <remove-instrumentation>0</remove-instrumentation>
        <environment>
        </environment>
      </runprofile>
    </conf>
    <conf name="PIC24FJ256GB210_PIM" type="2">
      <platformToolSN></platformToolSN>
      <languageToolchainDir>C:\Program Files (x86)\Microchip\xc16\v1.11\bin</languageToolchainDir>
      <mdbdebugger version="1">
        <placeholder1>place holder 1</placeholder1>
        <placeholder2>place holder 2</placeholder2>
      </mdbdebugger>
      <runprofile version="6">
        <args></args>
        <rundir></rundir>
        <buildfirst>true</buildfirst>
        <console-type>0</console-type>
        <terminal-type>0</terminal-type>
        <remove-instrumentation>0</remove-instrumentation>
        <environment>
        </environment>
      </runprofile>
    </conf>
    <conf name="PIC24FJ64GB502_Microstick" type="2">
      <platformToolSN></platformToolSN>
      <languageToolchainDir>C:\Program Files (x86)\Microchip\xc16\v1.11\bin</languageToolchainDir>
      <mdbdebugger version="1">
        <placeholder1>place holder 1</placeholder1>
        <placeholder2>place holder 2</placeholder2>
      </mdbdebugger>
      <runprofile version="6">
        <args></args>
        <rundir></rundir>
        <buildfirst>true</buildfirst>
        <console-type>0</console-type>
        <terminal-type>0</terminal-type>
        <remove-instrumentation>0</remove-instrumentation>
        <environment>
        </environment>
      </runprofile>
    </conf>
    <conf name="PIC24F_Starter_Kit" type="2">
      <platformToolSN></platformToolSN>
      <languageToolchainDir>C:\Program Files (x86)\Microchip\xc16\v1.11\bin</languageToolchainDir>
      <mdbdebugger version="1">
        <placeholder1>place holder 1</placeholder1>
        <placeholder2>place holder 2</placeholder2>
      </mdbdebugger>
      <runprofile version="6">
        <args></args>
        <rundir></rundir>
        <buildfirst>true</buildfirst>
        <console-type>0</console-type>
        <terminal-type>0</terminal-type>
        <remove-instrumentation>0</remove-instrumentation>
        <environment>
        </environment>
      </runprofile>
    </conf>
    <conf name="PIC24EP512GU810_PIM" type="2">
      <platformToolSN></platformToolSN>
      <languageToolchainDir>C:\Program Files (x86)\Microchip\xc16\v1.11\bin</languageToolchainDir>
      <mdbdebugger version="1">
        <placeholder1>place holder 1</placeholder1>
        <placeholder2>place holder 2</placeholder2>
      </mdbdebugger>
      <runprofile version="6">
        <args></args>
        <rundir></rundir>
        <buildfirst>true</buildfirst>
        <console-type>0</console-type>
        <terminal-type>0</terminal-type>
        <remove-instrumentation>0</remove-instrumentation>
        <environment>
        </environment>
      </runprofile>
    </conf>
    <conf name="dsPIC33EP512MU810_PIM" type="2">
      <platformToolSN></platformToolSN>
      <languageToolchainDir>C:\Program Files (x86)\Microchip\xc16\v1.11\bin</languageToolchainDir>
      <mdbdebugger version="1">
        <placeholder1>place holder 1</placeholder1>
        <placeholder2>place holder 2</placeholder2>
      </mdbdebugger>
      <runprofile version="6">
        <args></args>
        <rundir></rundir>
        <buildfirst>true</buildfirst>
        <console-type>0</console-type>
        <terminal-type>0</terminal-type>
        <remove-instrumentation>0</remove-instrumentation>
        <environment>
        </environment>
      </runprofile>
    </conf>
    <conf name="dsPIC33E_USB_Starter_Kit" type="2">
      <platformToolSN></platformToolSN>
      <languageToolchainDir>C:\Program Files (x86)\Microchip\xc16\v1.11\bin</languageToolchainDir>
      <mdbdebugger version="1">
        <placeholder1>place holder 1</placeholder1>
        <placeholder2>place holder 2</placeholder2>
      </mdbdebugger>
      <runprofile version="6">
        <args></args>
        <rundir></rundir>
        <buildfirst>true</buildfirst>
        <console-type>0</console-type>
        <terminal-type>0</terminal-type>
        <remove-instrumentation>0</remove-instrumentation>
        <environment>
        </environment>
      </runprofile>
    </conf>
    <conf name="PIC32_USB_Starter_Board" type="2">
      <platformToolSN></platformToolSN>
      <languageToolchainDir></languageToolchainDir>
      <mdbdebugger version="1">
        <placeholder1>place holder 1</placeholder1>
        <placeholder2>place holder 2</placeholder2>
      </mdbdebugger>
      <runprofile version="6">
        <args></args>
        <rundir></rundir>
        <buildfirst>true</buildfirst>
        <console-type>0</console-type>
        <terminal-type>0</terminal-type>
        <remove-instrumentation>0</remove-instrumentation>
        <environment>
        </environment>
      </runprofile>
    </conf>
    <conf name="PIC32_USB_Starter_Board_II" type="2">
      <platformToolSN></platformToolSN>
      <languageToolchainDir></languageToolchainDir>
      <mdbdebugger version="1">
        <placeholder1>place holder 1</placeholder1>
        <placeholder2>place holder 2</placeholder2>
      </mdbdebugger>
      <runprofile version="6">
        <args></args>
        <rundir></rundir>
        <buildfirst>true</buildfirst>
        <console-type>0</console-type>
        <terminal-type>0</terminal-type>
        <remove-instrumentation>0</remove-instrumentation>
        <environment>
        </environment>
      </runprofile>
    </conf>
    <conf name="PIC32_Ethernet_Starter_Board_II" type="2">
      <platformToolSN></platformToolSN>
      <languageToolchainDir></languageToolchainDir>
      <mdbdebugger version="1">
        <placeholder1>place holder 1</placeholder1>
        <placeholder2>place holder 2</placeholder2>
      </mdbdebugger>
      <runprofile version="6">
        <args></args>
        <rundir></rundir>
        <buildfirst>true</buildfirst>
        <console-type>0</console-type>
        <terminal-type>0</terminal-type>
        <remove-instrumentation>0</remove-instrumentation>
        <environment>
        </environment>
      </runprofile>
    </conf>
    <conf name="PIC32MX795F512L_PIM" type="2">
      <platformToolSN></platformToolSN>
      <languageToolchainDir></languageToolchainDir>
      <mdbdebugger version="1">
        <placeholder1>place holder 1</placeholder1>
        <placeholder2>place holder 2</placeholder2>
      </mdbdebugger>
      <runprofile version="6">
        <args></args>
        <rundir></rundir>
        <buildfirst>true</buildfirst>
        <console-type>0</console-type>
        <terminal-type>0</terminal-type>
        <remove-instrumentation>0</remove-instrumentation>
        <environment>
        </environment>
      </runprofile>
    </conf>
    <conf name="PIC32MX460F512L_PIM" type="2">
      <platformToolSN></platformToolSN>
      <languageToolchainDir></languageToolchainDir>
      <mdbdebugger version="1">
        <placeholder1>place holder 1</placeholder1>
        <placeholder2>place holder 2</placeholder2>
      </mdbdebugger>
      <runprofile version="6">
        <args></args>
        <rundir></rundir>
        <buildfirst>true</buildfirst>
        <console-type>0</console-type>
        <terminal-type>0</terminal-type>
        <remove-instrumentation>0</remove-instrumentation>
        <environment>
        </environment>
      </runprofile>
    </conf>
  </confs>
</configurationDescriptor>
